{
	"__comment": "Created by SLembas for Default 32x32 - http://slembas.su/default-32x32/",
	
	"textures": {
		"particle": "#platform",
		"side": "blocks/piston_side_sticky",
		"platform": "blocks/piston_top_sticky",
		"normal": "blocks/piston_top_normal",
		"arm": "blocks/piston_side"
	},
	"elements": [
		{
			"from": [ 0, 0, 0 ],
			"to": [ 16, 16, 4 ],
			"faces": {
				"down": { "uv": [ 0, 0, 16, 4 ], "texture": "#side", "cullface": "down", "rotation": 180 },
				"up": { "uv": [ 0, 0, 16, 4 ], "texture": "#side", "cullface": "up" },
				"north": { "uv": [ 0, 0, 16, 16 ], "texture": "#platform", "cullface": "north" },
				"south": { "uv": [ 0, 0, 16, 16 ], "texture": "#normal" },
				"west": { "uv": [ 0, 0, 16, 4 ], "texture": "#side", "cullface": "west", "rotation": 270 },
				"east": { "uv": [ 0, 0, 16, 4 ], "texture": "#side", "cullface": "east", "rotation": 90 }
			}
		},
		{
			"from": [ 6, 6, 4 ],
			"to": [ 10, 10, 20 ],
			"faces": {
				"down": { "uv": [ 0, 0, 16, 4 ], "texture": "#arm", "rotation": 90 },
				"up": { "uv": [ 0, 0, 16, 4 ], "texture": "#arm", "rotation": 270 },
				"west": { "uv": [ 16, 4, 0, 0 ], "texture": "#arm" },
				"east": { "uv": [ 0, 0, 16, 4 ], "texture": "#arm" }
			}
		}
	]
}